Title,Price
The Legend of Zelda: Ocarina of Time,"91,99 €"
Super Mario Galaxy,"91,99 €"
Super Mario Galaxy 2,"91,99 €"
Metroid Prime,"89,99 €"
Super Mario Odyssey,"89,99 €"
Halo: Combat Evolved,"87,99 €"
The House in Fata Morgana - Dreams of the Revenants Edition -,"83,99 €"
NFL 2K1,"62,99 €"
Uncharted 2: Among Thieves,"88,99 €"
Tekken 3,"91,99 €"
The Legend of Zelda: The Wind Waker,"90,99 €"
Gran Turismo,"86,99 €"
Metal Gear Solid 2: Sons of Liberty,"88,99 €"
Grand Theft Auto Double Pack,"81,99 €"
Baldur's Gate II: Shadows of Amn,"91,99 €"
Tetris Effect: Connected,"88,99 €"
The Legend of Zelda Collector's Edition,"89,99 €"
Gran Turismo 3: A-Spec,"84,99 €"
The Legend of Zelda: A Link to the Past,"90,99 €"
The Legend of Zelda: Majora's Mask,"91,99 €"
The Last of Us,"92,99 €"
Persona 5 Royal,"84,99 €"
The Last of Us Remastered,"92,99 €"
The Legend of Zelda: Ocarina of Time 3D,"90,99 €"
Chrono Cross,"88,99 €"
Gears of War,"84,99 €"
Sid Meier's Civilization II,"88,99 €"
Halo 3,"81,99 €"
Ninja Gaiden Black,"88,99 €"
Super Mario Advance 4: Super Mario Bros. 3,"89,99 €"
Jet Grind Radio,"83,99 €"
Grim Fandango,"91,99 €"
Resident Evil Code: Veronica,"85,99 €"
Diablo,"87,99 €"
Metal Gear Solid 3: Subsistence,"91,99 €"
Metal Gear Solid 4: Guns of the Patriots,"88,99 €"
Sid Meier's Civilization IV,"82,99 €"
Virtua Fighter 4,"81,99 €"
Super Mario 64,"91,99 €"
Super Smash Bros. Brawl,"88,99 €"
Company of Heroes,"87,99 €"
Gran Turismo 2,"90,99 €"
The Last of Us Part II,"57,99 €"
Half-Life: Alyx,"92,99 €"
Divinity: Original Sin II,"88,99 €"
Unreal Tournament 2004,"88,99 €"
God of War II,"90,99 €"
Super Mario 3D World,"89,99 €"
Starcraft II: Wings of Liberty,"83,99 €"
Minecraft,"80,99 €"
Persona 4 Golden,"86,99 €"
Persona 5,"87,99 €"
Quake III Arena,"83,99 €"
Homeworld,"88,99 €"
Gears of War 2,"79,99 €"
World Soccer Winning Eleven 6 International,"84,99 €"
Skies of Arcadia,"88,99 €"
The Legend of Zelda: Skyward Sword,"81,99 €"
Mario Kart Super Circuit,"78,99 €"
Test Drive Le Mans,"83,99 €"
NBA 2K1,"72,99 €"
Virtua Fighter 4: Evolution,"87,99 €"
Uncharted 4: A Thief's End,"88,99 €"
Super Smash Bros. Ultimate,"86,99 €"
Paper Mario,"90,99 €"
Wipeout XL,"86,99 €"
World of Warcraft,"74,99 €"
Flipnote Studio,"75,99 €"
God of War III,"88,99 €"
NHL 2002,"83,99 €"
Uncharted 3: Drake's Deception,"84,99 €"
Bloodborne,"88,99 €"
Eternal Darkness: Sanity's Requiem,"87,99 €"
Warcraft III: Reign of Chaos,"92,99 €"
Sid Meier's Gettysburg!,"74,99 €"
Forza Motorsport,"76,99 €"
Advance Wars,"89,99 €"
Vagrant Story,"90,99 €"
Team Fortress 2,"90,99 €"
System Shock 2,"91,99 €"
Final Fantasy XII,"76,99 €"
Super Mario World: Super Mario Advance 2,"90,99 €"
Super Smash Bros. Melee,"91,99 €"
Rome: Total War,"90,99 €"
Forza Motorsport 3,"81,99 €"
Super Mario Sunshine,"84,99 €"
Tony Hawk's Pro Skater,"88,99 €"
Thief: The Dark Project,"90,99 €"
Fire Emblem: Awakening,"90,99 €"
Age of Empires II: The Age of Kings,"91,99 €"
Final Fantasy X,"89,99 €"
Unreal Tournament (1999),"90,99 €"
Sid Meier's Alpha Centauri,"88,99 €"
Wave Race 64,"83,99 €"
Galactic Civilizations II: Twilight of the Arnor,"82,99 €"
Super Smash Bros. for Wii U,"89,99 €"
Chrono Trigger,"91,99 €"
Xenoblade Chronicles,"91,99 €"
Conker's Bad Fur Day,"89,99 €"
Mario Kart 8 Deluxe,"86,99 €"
The ICO & Shadow of the Colossus Collection,"87,99 €"
Metroid Prime 2: Echoes,"89,99 €"
Out of the Park Baseball 17,"33,99 €"
Metroid Fusion,"91,99 €"
Final Fantasy VI Advance,"87,99 €"
Dishonored,"85,99 €"
Medal of Honor: Allied Assault,"85,99 €"
Myth: The Fallen Lords,"85,99 €"
LittleBigPlanet 2,"86,99 €"
Psychonauts 2,"55,99 €"
Guitar Hero,"86,99 €"
World of Warcraft: Wrath of the Lich King,"79,99 €"
Metroid Prime Trilogy,"90,99 €"
F1 Challenge '99-'02,"76,99 €"
Baldur's Gate,"89,99 €"
Klonoa 2: Lunatea's Veil,"86,99 €"
IL-2 Sturmovik,"87,99 €"
Mario Tennis,"88,99 €"
FreeSpace 2,"87,99 €"
Colony Wars,"83,99 €"
Ratchet & Clank: Up Your Arsenal,"91,99 €"
Resident Evil (2002),"92,99 €"
Metal Gear Solid 3: Snake Eater,"92,99 €"
Twisted Metal: Black,"84,99 €"
Spyro: Year of the Dragon,"89,99 €"
Tomb Raider,"84,99 €"
Factorio,"91,99 €"
Resident Evil 4: Wii Edition,"89,99 €"
Peggle,"73,99 €"
The Legend of Zelda: Ocarina of Time / Master Quest,"89,99 €"
Sonic Mania Plus,"81,99 €"
Kentucky Route Zero - Act III,"66,99 €"
Crysis,"81,99 €"
Ninja Gaiden,"88,99 €"
God of War: Chains of Olympus,"86,99 €"
DOA2: Hardcore,"81,99 €"
World of Warcraft: The Burning Crusade,"65,99 €"
Yoshi's Island: Super Mario Advance 3,"89,99 €"
The Longest Journey,"87,99 €"
Star Wars Jedi Knight: Dark Forces II,"86,99 €"
Halo: Reach,"84,99 €"
Galactic Civilizations II: Dark Avatar,"78,99 €"
Mass Effect,"87,99 €"
Crusader Kings III,"84,99 €"
Forza Motorsport 4,"83,99 €"
Battlefield 2,"84,99 €"
Planescape: Torment,"92,99 €"
Gears of War 3,"81,99 €"
Killzone 2,"81,99 €"
Neverwinter Nights,"82,99 €"
Castlevania: Aria of Sorrow,"89,99 €"
No One Lives Forever 2: A Spy in H.A.R.M.'s Way,"86,99 €"
Legacy of Kain: Soul Reaver,"90,99 €"
Dragon Age: Origins,"88,99 €"
Golden Sun,"90,99 €"
Disco Elysium,"84,99 €"
SteamWorld Heist: Ultimate Edition,"83,99 €"
The Legend of Zelda: A Link Between Worlds,"90,99 €"
NieR: Automata - Game of the YoRHa Edition,"87,99 €"
Castlevania: Circle of the Moon,"83,99 €"
Shovel Knight: Treasure Trove,"82,99 €"
flower,"73,99 €"
Mario Kart DS,"87,99 €"
Call of Duty,"84,99 €"
Mario Golf,"80,99 €"
Crash Bandicoot 3: Warped,"90,99 €"
Project Gotham Racing 2,"87,99 €"
Animal Crossing: New Horizons,"55,99 €"
World of Warcraft: Cataclysm,"58,99 €"
Rayman 2: The Great Escape,"88,99 €"
Diablo III: Ultimate Evil Edition,"79,99 €"
ICO,"88,99 €"
Mario & Luigi: Superstar Saga,"89,99 €"
Ape Escape,"84,99 €"
Syphon Filter,"88,99 €"
Mario & Luigi: Bowser's Inside Story,"88,99 €"
Trials Evolution,"80,99 €"
Grand Theft Auto IV: The Lost and Damned,"80,99 €"
Ratchet & Clank: Going Commando,"89,99 €"
NBA Street Vol. 2,"87,99 €"
Tennis 2K2,"79,99 €"
Black & White,"77,99 €"
The Legend of Zelda: The Wind Waker HD,"90,99 €"
Portal,"92,99 €"
Tetris Effect,"66,99 €"
The Legend of Zelda: Phantom Hourglass,"80,99 €"
Dance Dance Revolution,"84,99 €"
Advance Wars: Dual Strike,"88,99 €"
NieR: Automata - Become as Gods Edition,"90,99 €"
Jak and Daxter: The Precursor Legacy,"88,99 €"
Star Wars Rogue Leader: Rogue Squadron II,"86,99 €"
Stephen's Sausage Roll,"55,99 €"
NCAA Football 2002,"84,99 €"
Deus Ex,"92,99 €"
Donkey Kong 64,"86,99 €"
Panzer Dragoon Orta,"84,99 €"
Portal: Still Alive,"86,99 €"
Half-Life 2: Episode Two,"92,99 €"
The Chronicles of Riddick: Escape From Butcher Bay - Developer's Cut,"86,99 €"
Shin Megami Tensei: Persona 4,"77,99 €"
Hollow Knight,"90,99 €"
Blast Corps,"83,99 €"
Sid Meier's Civilization III,"84,99 €"
NFL 2K2,"71,99 €"
WWF SmackDown! 2: Know Your Role,"84,99 €"
Silent Hunter III,"78,99 €"
Dead Space 2,"86,99 €"
Pikmin 2,"90,99 €"
Geometry Wars: Retro Evolved 2,"83,99 €"
Sid Meier's Civilization V,"80,99 €"
Super Mario 3D Land,"84,99 €"
Mario Kart 8 DLC Pack 2,"89,99 €"
Falcon 4.0: Allied Force,"77,99 €"
Deus Ex: Human Revolution,"85,99 €"
Metroid Prime 3: Corruption,"88,99 €"
Flight Simulator 2002,"73,99 €"
Banjo-Tooie,"88,99 €"
Uncharted: Drake's Fortune,"79,99 €"
Warcraft III: The Frozen Throne,"92,99 €"
Tactics Ogre: The Knight of Lodis,"88,99 €"
Starcraft,"91,99 €"
The Last of Us: Left Behind,"47,99 €"
Star Wars Pinball: Balance of the Force,"61,99 €"
The Secret of Monkey Island: Special Edition,"84,99 €"
Project Gotham Racing 3,"79,99 €"
The World Ends with You,"87,99 €"
Dishonored 2,"80,99 €"
Injustice 2: Legendary Edition,"77,99 €"
Divinity: Original Sin Enhanced Edition,"80,99 €"
Minecraft: Xbox One Edition,"73,99 €"
JSRF: Jet Set Radio Future,"83,99 €"
Red Faction,"79,99 €"
Myth II: Soulblighter,"88,99 €"
Ninja Gaiden Sigma,"76,99 €"
Fire Emblem Fates: Special Edition,"80,99 €"
Pinball FX 2,"82,99 €"
Final Fantasy Tactics: The War of the Lions,"91,99 €"
NHL 11,"77,99 €"
Wario Land 4,"87,99 €"
Metroid Dread,"88,99 €"
The Elder Scrolls III: Morrowind Game of the Year Edition,"86,99 €"
WarioWare: Twisted!,"87,99 €"
Halo: The Master Chief Collection - Halo 3,"79,99 €"
Pokemon Y,"75,99 €"
Return to Castle Wolfenstein,"87,99 €"
Ratchet & Clank: Rift Apart,"87,99 €"
NBA Street,"60,99 €"
Shogo: Mobile Armor Division,"84,99 €"
Thirty Flights of Loving,"50,99 €"
Hearthstone: Heroes of Warcraft,"58,99 €"
Unity of Command II,"77,99 €"
Ghost of Tsushima: Director's Cut,"67,99 €"
Grand Theft Auto: Liberty City Stories,"77,99 €"
Medieval II: Total War,"90,99 €"
Super Mario Maker 2,"85,99 €"
Sly 2: Band of Thieves,"90,99 €"
Doom 3,"81,99 €"
Tekken: Dark Resurrection,"86,99 €"
The Stanley Parable,"80,99 €"
Slay the Spire,"69,99 €"
Guacamelee! Gold Edition,"75,99 €"
Counter-Strike: Source,"89,99 €"
Fire Emblem,"90,99 €"
Fire Emblem Fates: Revelation,"73,99 €"
Need for Speed: High Stakes,"85,99 €"
Street Fighter III: Third Strike Online Edition,"72,99 €"
Professor Layton and the Unwound Future,"87,99 €"
We Love Katamari,"88,99 €"
Worldwide Soccer Manager 2008,"73,99 €"
Dance Central 2,"81,99 €"
Sly Cooper and the Thievius Raccoonus,"85,99 €"
IL-2 Sturmovik: Forgotten Battles,"80,99 €"
DiRT 3,"70,99 €"
Minecraft: PlayStation 3 Edition,"68,99 €"
Devotion,"78,99 €"
The Legend of Zelda: Four Swords Adventures,"75,99 €"
Joe Danger,"77,99 €"
Tales of Symphonia,"90,99 €"
Unreal Tournament 2003,"78,99 €"
Age of Wonders II: The Wizard's Throne,"85,99 €"
Daytona USA,"85,99 €"
Links 2001,"63,99 €"
EverQuest: The Ruins of Kunark,"85,99 €"
Full Throttle,"86,99 €"
Katamari Damacy,"88,99 €"
The Lord of the Rings Online: Shadows of Angmar,"80,99 €"
Grand Theft Auto: Vice City Stories,"82,99 €"
Pony Island,"74,99 €"
